{
    "loss": 19.314695358276367,
    "accuracy": 0.4313725531101227
}