{
    "loss": 1.2255045175552368,
    "accuracy": 0.7058823704719543
}